ID,CNAE,DESCRICAO
1,01.61-0/01,SERVIÇO DE PULVERIZAÇÃO E CONTROLE DE PRAGAS AGRÍCOLAS
2,01.61-0/02,SERVIÇO DE PODA DE ÁRVORES PARA LAVOURAS
3,01.61-0/03,"SERVIÇO DE PREPARAÇÃO DE TERRENO, CULTIVO E COLHEITA"
4,01.62-8/01,SERVIÇO DE INSEMINAÇÃO ARTIFICIAL DE ANIMAIS
5,01.62-8/02,SERVIÇO DE TOSQUIAMENTO DE OVINOS
6,01.62-8/03,SERVIÇO DE MANEJO DE ANIMAIS
7,01.70-9/00,CAÇA E SERVIÇOS RELACIONADOS
8,10.13-9/02,PREPARAÇÃO DE SUBPRODUTOS DO ABATE
9,10.51-1/00,PREPARAÇÃO DO LEITE
10,13.11-1/00,PREPARAÇÃO E FIAÇÃO DE FIBRAS DE ALGODÃO
11,13.12-0/00,"PREPARAÇÃO E FIAÇÃO DE FIBRAS TÊXTEIS NATURAIS, EXCETO ALGODÃO"
12,13.40-5/99,"OUTROS SERVIÇOS DE ACABAMENTO EM FIOS, TECIDOS, ARTEFATOS TÊXTEIS E PEÇAS DO VESTUÁRIO"
13,16.10-2/05,SERVIÇO DE TRATAMENTO DE MADEIRA REALIZADO SOB CONTRATO
14,18.21-1/00,SERVIÇOS DE PRÉ IMPRESSÃO
15,18.22-9/01,SERVIÇOS DE ENCADERNAÇÃO E PLASTIFICAÇÃO
16,18.22-9/99,"SERVIÇOS DE ACABAMENTOS GRÁFICOS, EXCETO ENCADERNAÇÃO E PLASTIFICAÇÃO"
17,23.30-3/05,PREPARAÇÃO DE MASSA DE CONCRETO E ARGAMASSA PARA CONSTRUÇÃO
18,25.39-0/01,"SERVIÇOS DE USINAGEM, TORNEARIA E SOLDA"
19,25.39-0/02,SERVIÇOS DE TRATAMENTO E REVESTIMENTO EM METAIS
20,25.99-3/01,SERVIÇOS DE CONFECÇÃO DE ARMAÇÕES METÁLICAS PARA A CONSTRUÇÃO
21,25.99-3/02,SERVIÇO DE CORTE E DOBRA DE METAIS
22,32.50-7/06,SERVIÇOS DE PRÓTESE DENTÁRIA
23,32.50-7/09,SERVIÇO DE LABORATÓRIO ÓPTICO
24,33.11-2/00,"MANUTENÇÃO E REPARAÇÃO DE TANQUES, RESERVATÓRIOS METÁLICOS E CALDEIRAS, EXCETO PARA VEÍCULOS"
25,33.12-1/02,"MANUTENÇÃO E REPARAÇÃO DE APARELHOS E INSTRUMENTOS DE MEDIDA, TESTE E CONTROLE"
26,33.12-1/03,MANUTENÇÃO E REPARAÇÃO DE APARELHOS ELETROMÉDICOS E ELETROTERAPÊUTICOS E EQUIPAMENTOS DE IRRADIAÇÃO
27,33.12-1/04,MANUTENÇÃO E REPARAÇÃO DE EQUIPAMENTOS E INSTRUMENTOS ÓPTICOS
28,33.13-9/01,"MANUTENÇÃO E REPARAÇÃO DE GERADORES, TRANSFORMADORES E MOTORES ELÉTRICOS"
29,33.13-9/02,"MANUTENÇÃO E REPARAÇÃO DE BATERIAS E ACUMULADORES ELÉTRICOS, EXCETO PARA VEÍCULOS"
30,33.13-9/99,"MANUTENÇÃO E REPARAÇÃO DE MÁQUINAS, APARELHOS E MATERIAIS ELÉTRICOS NÃO ESPECIFICADOS ANTERIORMENTE"
31,33.14-7/01,MANUTENÇÃO E REPARAÇÃO DE MÁQUINAS MOTRIZES NÃO ELÉTRICAS
32,33.14-7/02,"MANUTENÇÃO E REPARAÇÃO DE EQUIPAMENTOS HIDRÁULICOS E PNEUMÁTICOS, EXCETO VÁLVULAS"
33,33.14-7/03,MANUTENÇÃO E REPARAÇÃO DE VÁLVULAS INDUSTRIAIS
34,33.14-7/04,MANUTENÇÃO E REPARAÇÃO DE COMPRESSORES
35,33.14-7/05,MANUTENÇÃO E REPARAÇÃO DE EQUIPAMENTOS DE TRANSMISSÃO PARA FINS INDUSTRIAIS
36,33.14-7/06,"MANUTENÇÃO E REPARAÇÃO DE MÁQUINAS, APARELHOS E EQUIPAMENTOS PARA INSTALAÇÕES TÉRMICAS"
37,33.14-7/07,MANUTENÇÃO E REPARAÇÃO DE MÁQUINAS E APARELHOS DE REFRIGERAÇÃO E VENTILAÇÃO PARA USO INDUSTRIAL E COMERCIAL
38,33.14-7/08,"MANUTENÇÃO E REPARAÇÃO DE MÁQUINAS, EQUIPAMENTOS E APARELHOS PARA TRANSPORTE E ELEVAÇÃO DE CARGAS"
39,33.14-7/09,"MANUTENÇÃO E REPARAÇÃO DE MÁQUINAS DE ESCREVER, CALCULAR E DE OUTROS EQUIPAMENTOS NÃO ELETRÔNICOS PARA ESCRITÓRIO"
40,33.14-7/10,MANUTENÇÃO E REPARAÇÃO DE MÁQUINAS E EQUIPAMENTOS PARA USO GERAL NÃO ESPECIFICADOS ANTERIORMENTE
41,33.14-7/11,MANUTENÇÃO E REPARAÇÃO DE MÁQUINAS E EQUIPAMENTOS PARA AGRICULTURA E PECUÁRIA
42,33.14-7/12,MANUTENÇÃO E REPARAÇÃO DE TRATORES AGRÍCOLAS
43,33.14-7/13,MANUTENÇÃO E REPARAÇÃO DE MÁQUINAS FERRAMENTA
44,33.14-7/14,MANUTENÇÃO E REPARAÇÃO DE MÁQUINAS E EQUIPAMENTOS PARA A PROSPECÇÃO E EXTRAÇÃO DE PETRÓLEO
45,33.14-7/15,"MANUTENÇÃO E REPARAÇÃO DE MÁQUINAS E EQUIPAMENTOS PARA USO NA EXTRAÇÃO MINERAL, EXCETO NA EXTRAÇÃO DE PETRÓLEO"
46,33.14-7/16,"MANUTENÇÃO E REPARAÇÃO DE TRATORES, EXCETO AGRÍCOLAS"
47,33.14-7/17,"MANUTENÇÃO E REPARAÇÃO DE MÁQUINAS E EQUIPAMENTOS DE TERRAPLENAGEM, PAVIMENTAÇÃO E CONSTRUÇÃO, EXCETO TRATORES"
48,33.14-7/18,"MANUTENÇÃO E REPARAÇÃO DE MÁQUINAS PARA A INDÚSTRIA METALÚRGICA, EXCETO MÁQUINAS FERRAMENTA"
49,33.14-7/19,"MANUTENÇÃO E REPARAÇÃO DE MÁQUINAS E EQUIPAMENTOS PARA AS INDÚSTRIAS DE ALIMENTOS, BEBIDAS E FUMO"
50,33.14-7/20,"MANUTENÇÃO E REPARAÇÃO DE MÁQUINAS E EQUIPAMENTOS PARA A INDÚSTRIA TÊXTIL, DO VESTUÁRIO, DO COURO E CALÇADOS"
51,33.14-7/21,"MANUTENÇÃO E REPARAÇÃO DE MÁQUINAS E APARELHOS PARA A INDÚSTRIA DE CELULOSE, PAPEL E PAPELÃO E ARTEFATOS"
52,33.14-7/22,MANUTENÇÃO E REPARAÇÃO DE MÁQUINAS E APARELHOS PARA A INDÚSTRIA DO PLÁSTICO
53,33.14-7/99,MANUTENÇÃO E REPARAÇÃO DE OUTRAS MÁQUINAS E EQUIPAMENTOS PARA USOS INDUSTRIAIS NÃO ESPECIFICADOS ANTERIORMENTE
54,33.15-5/00,MANUTENÇÃO E REPARAÇÃO DE VEÍCULOS FERROVIÁRIOS
55,33.16-3/01,"MANUTENÇÃO E REPARAÇÃO DE AERONAVES, EXCETO A MANUTENÇÃO NA PISTA"
56,33.16-3/02,MANUTENÇÃO DE AERONAVES NA PISTA
57,33.17-1/01,MANUTENÇÃO E REPARAÇÃO DE EMBARCAÇÕES E ESTRUTURAS FLUTUANTES
58,33.17-1/02,MANUTENÇÃO E REPARAÇÃO DE EMBARCAÇÕES PARA ESPORTE E LAZER
59,33.19-8/00,MANUTENÇÃO E REPARAÇÃO DE EQUIPAMENTOS E PRODUTOS NÃO ESPECIFICADOS ANTERIORMENTE
60,33.21-0/00,INSTALAÇÃO DE MÁQUINAS E EQUIPAMENTOS INDUSTRIAIS
61,33.29-5/01,SERVIÇOS DE MONTAGEM DE MÓVEIS DE QUALQUER MATERIAL
62,33.29-5/99,INSTALAÇÃO DE OUTROS EQUIPAMENTOS NÃO ESPECIFICADOS ANTERIORMENTE
63,35.11-5/01,GERAÇÃO DE ENERGIA ELÉTRICA
64,35.11-5/02,ATIVIDADES DE COORDENAÇÃO E CONTROLE DA OPERAÇÃO DA GERAÇÃO E TRANSMISSÃO DE ENERGIA ELÉTRICA
65,35.12-3/00,TRANSMISSÃO DE ENERGIA ELÉTRICA
66,35.13-1/00,COMÉRCIO ATACADISTA DE ENERGIA ELÉTRICA
67,35.14-0/00,DISTRIBUIÇÃO DE ENERGIA ELÉTRICA
68,35.20-4/01,PRODUÇÃO DE GÁS; PROCESSAMENTO DE GÁS NATURAL
69,35.20-4/02,DISTRIBUIÇÃO DE COMBUSTÍVEIS GASOSOS POR REDES URBANAS
70,35.30-1/00,"PRODUÇÃO E DISTRIBUIÇÃO DE VAPOR, ÁGUA QUENTE E AR CONDICIONADO"
71,36.00-6/01,"CAPTAÇÃO, TRATAMENTO E DISTRIBUIÇÃO DE ÁGUA"
72,36.00-6/02,DISTRIBUIÇÃO DE ÁGUA POR CAMINHÕES
73,37.01-1/00,GESTÃO DE REDES DE ESGOTO
74,37.02-9/00,"ATIVIDADES RELACIONADAS A ESGOTO, EXCETO A GESTÃO DE REDES"
75,38.11-4/00,COLETA DE RESÍDUOS NÃO PERIGOSOS
76,38.12-2/00,COLETA DE RESÍDUOS PERIGOSOS
77,38.21-1/00,TRATAMENTO E DISPOSIÇÃO DE RESÍDUOS NÃO PERIGOSOS
78,38.22-0/00,TRATAMENTO E DISPOSIÇÃO DE RESÍDUOS PERIGOSOS
79,38.31-9/01,RECUPERAÇÃO DE SUCATAS DE ALUMÍNIO
80,38.31-9/99,"RECUPERAÇÃO DE MATERIAIS METÁLICOS, EXCETO ALUMÍNIO"
81,38.32-7/00,RECUPERAÇÃO DE MATERIAIS PLÁSTICOS
82,38.39-4/01,USINAS DE COMPOSTAGEM
83,38.39-4/99,RECUPERAÇÃO DE MATERIAIS NÃO ESPECIFICADOS ANTERIORMENTE
84,39.00-5/00,DESCONTAMINAÇÃO E OUTROS SERVIÇOS DE GESTÃO DE RESÍDUOS
85,41.10-7/00,INCORPORAÇÃO DE EMPREENDIMENTOS IMOBILIÁRIOS
86,41.20-4/00,CONSTRUÇÃO DE EDIFÍCIOS
87,42.11-1/01,CONSTRUÇÃO DE RODOVIAS E FERROVIAS
88,42.11-1/02,PINTURA PARA SINALIZAÇÃO EM PISTAS RODOVIÁRIAS E AEROPORTOS
89,42.12-0/00,CONSTRUÇÃO DE OBRAS DE ARTE ESPECIAIS
90,42.13-8/00,"OBRAS DE URBANIZAÇÃO - RUAS, PRAÇAS E CALÇADAS"
91,42.21-9/01,CONSTRUÇÃO DE BARRAGENS E REPRESAS PARA GERAÇÃO DE ENERGIA ELÉTRICA
92,42.21-9/02,CONSTRUÇÃO DE ESTAÇÕES E REDES DE DISTRIBUIÇÃO DE ENERGIA ELÉTRICA
93,42.21-9/03,MANUTENÇÃO DE REDES DE DISTRIBUIÇÃO DE ENERGIA ELÉTRICA
94,42.21-9/04,CONSTRUÇÃO DE ESTAÇÕES E REDES DE TELECOMUNICAÇÕES
95,42.21-9/05,MANUTENÇÃO DE ESTAÇÕES E REDES DE TELECOMUNICAÇÕES
96,42.22-7/01,"CONSTRUÇÃO DE REDES DE ABASTECIMENTO DE ÁGUA, COLETA DE ESGOTO E CONSTRUÇÕES CORRELATAS, EXCETO OBRAS DE IRRIGAÇÃO"
97,42.22-7/02,OBRAS DE IRRIGAÇÃO
98,42.23-5/00,"CONSTRUÇÃO DE REDES DE TRANSPORTES POR DUTOS, EXCETO PARA ÁGUA E ESGOTO"
99,42.91-0/00,"OBRAS PORTUÁRIAS, MARÍTIMAS E FLUVIAIS"
100,42.92-8/01,MONTAGEM DE ESTRUTURAS METÁLICAS
101,42.92-8/02,OBRAS DE MONTAGEM INDUSTRIAL
102,42.99-5/01,CONSTRUÇÃO DE INSTALAÇÕES ESPORTIVAS E RECREATIVAS
103,42.99-5/99,OUTRAS OBRAS DE ENGENHARIA CIVIL NÃO ESPECIFICADAS ANTERIORMENTE
104,43.11-8/01,DEMOLIÇÃO DE EDIFÍCIOS E OUTRAS ESTRUTURAS
105,43.11-8/02,PREPARAÇÃO DE CANTEIRO E LIMPEZA DE TERRENO
106,43.12-6/00,PERFURAÇÕES E SONDAGENS
107,43.13-4/00,OBRAS DE TERRAPLENAGEM
108,43.19-3/00,SERVIÇOS DE PREPARAÇÃO DO TERRENO NÃO ESPECIFICADOS ANTERIORMENTE
109,43.21-5/00,INSTALAÇÃO E MANUTENÇÃO ELÉTRICA
110,43.22-3/01,"INSTALAÇÕES HIDRÁULICAS, SANITÁRIAS E DE GÁS"
111,43.22-3/02,"INSTALAÇÃO E MANUTENÇÃO DE SISTEMAS CENTRAIS DE AR CONDICIONADO, DE VENTILAÇÃO E REFRIGERAÇÃO"
112,43.22-3/03,INSTALAÇÕES DE SISTEMA DE PREVENÇÃO CONTRA INCÊNDIO
113,43.29-1/01,INSTALAÇÃO DE PAINÉIS PUBLICITÁRIOS
114,43.29-1/02,INSTALAÇÃO DE EQUIPAMENTOS PARA ORIENTAÇÃO À NAVEGAÇÃO MARÍTIMA FLUVIAL E LACUSTRE
115,43.29-1/03,"INSTALAÇÃO, MANUTENÇÃO E REPARAÇÃO DE ELEVADORES, ESCADAS E ESTEIRAS ROLANTES"
116,43.29-1/04,"MONTAGEM E INSTALAÇÃO DE SISTEMAS E EQUIPAMENTOS DE ILUMINAÇÃO E SINALIZAÇÃO EM VIAS PÚBLICAS, PORTOS E AEROPORTOS"
117,43.29-1/05,"TRATAMENTOS TÉRMICOS, ACÚSTICOS OU DE VIBRAÇÃO"
118,43.29-1/99,OUTRAS OBRAS DE INSTALAÇÕES EM CONSTRUÇÕES NÃO ESPECIFICADAS ANTERIORMENTE
119,43.30-4/01,IMPERMEABILIZAÇÃO EM OBRAS DE ENGENHARIA CIVIL
120,43.30-4/02,"INSTALAÇÃO DE PORTAS, JANELAS, TETOS, DIVISÓRIAS E ARMÁRIOS EMBUTIDOS DE QUALQUER MATERIAL"
121,43.30-4/03,OBRAS DE ACABAMENTO EM GESSO E ESTUQUE
122,43.30-4/04,SERVIÇOS DE PINTURA DE EDIFÍCIOS EM GERAL
123,43.30-4/05,APLICAÇÃO DE REVESTIMENTOS E DE RESINAS EM INTERIORES E EXTERIORES
124,43.30-4/99,OUTRAS OBRAS DE ACABAMENTO DA CONSTRUÇÃO
125,43.91-6/00,OBRAS DE FUNDAÇÕES
126,43.99-1/01,ADMINISTRAÇÃO DE OBRAS
127,43.99-1/02,MONTAGEM E DESMONTAGEM DE ANDAIMES E OUTRAS ESTRUTURAS TEMPORÁRIAS
128,43.99-1/03,OBRAS DE ALVENARIA
129,43.99-1/04,SERVIÇOS DE OPERAÇÃO E FORNECIMENTO DE EQUIPAMENTOS PARA TRANSPORTE E ELEVAÇÃO DE CARGAS E PESSOAS PARA USO EM OBRAS
130,43.99-1/05,PERFURAÇÃO E CONSTRUÇÃO DE POÇOS DE ÁGUA
131,43.99-1/99,SERVIÇOS ESPECIALIZADOS PARA CONSTRUÇÃO NÃO ESPECIFICADOS ANTERIORMENTE
132,45.11-1/01,"COMÉRCIO A VAREJO DE AUTOMÓVEIS, CAMIONETAS E UTILITÁRIOS NOVOS"
133,45.11-1/02,"COMÉRCIO A VAREJO DE AUTOMÓVEIS, CAMIONETAS E UTILITÁRIOS USADOS"
134,45.11-1/03,"COMÉRCIO POR ATACADO DE AUTOMÓVEIS, CAMIONETAS E UTILITÁRIOS NOVOS E USADOS"
135,45.11-1/04,COMÉRCIO POR ATACADO DE CAMINHÕES NOVOS E USADOS
136,45.11-1/05,COMÉRCIO POR ATACADO DE REBOQUES E SEMI REBOQUES NOVOS E USADOS
137,45.11-1/06,COMÉRCIO POR ATACADO DE ÔNIBUS E MICROÔNIBUS NOVOS E USADOS
138,45.12-9/01,REPRESENTANTES COMERCIAIS E AGENTES DO COMÉRCIO DE VEÍCULOS AUTOMOTORES
139,45.12-9/02,COMÉRCIO SOB CONSIGNAÇÃO DE VEÍCULOS AUTOMOTORES
140,45.20-0/01,SERVIÇOS DE MANUTENÇÃO E REPARAÇÃO MECÂNICA DE VEÍCULOS AUTOMOTORES
141,45.20-0/02,SERVIÇOS DE LANTERNAGEM OU FUNILARIA E PINTURA DE VEÍCULOS AUTOMOTORES
142,45.20-0/03,SERVIÇOS DE MANUTENÇÃO E REPARAÇÃO ELÉTRICA DE VEÍCULOS AUTOMOTORES
143,45.20-0/04,SERVIÇOS DE ALINHAMENTO E BALANCEAMENTO DE VEÍCULOS AUTOMOTORES
144,45.20-0/05,"SERVIÇOS DE LAVAGEM, LUBRIFICAÇÃO E POLIMENTO DE VEÍCULOS AUTOMOTORES"
145,45.20-0/06,SERVIÇOS DE BORRACHARIA PARA VEÍCULOS AUTOMOTORES
146,45.20-0/07,"SERVIÇOS DE INSTALAÇÃO, MANUTENÇÃO E REPARAÇÃO DE ACESSÓRIOS PARA VEÍCULOS AUTOMOTORES"
147,45.20-0/08,SERVIÇOS DE CAPOTARIA
148,45.30-7/01,COMÉRCIO POR ATACADO DE PEÇAS E ACESSÓRIOS NOVOS PARA VEÍCULOS AUTOMOTORES
149,45.30-7/02,COMÉRCIO POR ATACADO DE PNEUMÁTICOS E CÂMARAS DE AR
150,45.30-7/03,COMÉRCIO A VAREJO DE PEÇAS E ACESSÓRIOS NOVOS PARA VEÍCULOS AUTOMOTORES
151,45.30-7/04,COMÉRCIO A VAREJO DE PEÇAS E ACESSÓRIOS USADOS PARA VEÍCULOS AUTOMOTORES
152,45.30-7/05,COMÉRCIO A VAREJO DE PNEUMÁTICOS E CÂMARAS DE AR
153,45.30-7/06,REPRESENTANTES COMERCIAIS E AGENTES DO COMÉRCIO DE PEÇAS E ACESSÓRIOS NOVOS E USADOS PARA VEÍCULOS AUTOMOTORES
154,45.41-2/01,COMÉRCIO POR ATACADO DE MOTOCICLETAS E MOTONETAS
155,45.41-2/02,COMÉRCIO POR ATACADO DE PEÇAS E ACESSÓRIOS PARA MOTOCICLETAS E MOTONETAS
156,45.41-2/03,COMÉRCIO A VAREJO DE MOTOCICLETAS E MOTONETAS NOVAS
157,45.41-2/04,COMÉRCIO A VAREJO DE MOTOCICLETAS E MOTONETAS USADAS
158,45.41-2/06,COMÉRCIO A VAREJO DE PEÇAS E ACESSÓRIOS NOVOS PARA MOTOCICLETAS E MOTONETAS
159,45.41-2/07,COMÉRCIO A VAREJO DE PEÇAS E ACESSÓRIOS USADOS PARA MOTOCICLETAS E MOTONETAS
160,45.42-1/01,"REPRESENTANTES COMERCIAIS E AGENTES DO COMÉRCIO DE MOTOCICLETAS E MOTONETAS, PEÇAS E ACESSÓRIOS"
161,45.42-1/02,COMÉRCIO SOB CONSIGNAÇÃO DE MOTOCICLETAS E MOTONETAS
162,45.43-9/00,MANUTENÇÃO E REPARAÇÃO DE MOTOCICLETAS E MOTONETAS
163,49.11-6/00,TRANSPORTE FERROVIÁRIO DE CARGA
164,49.12-4/01,TRANSPORTE FERROVIÁRIO DE PASSAGEIROS INTERMUNICIPAL E INTERESTADUAL
165,49.12-4/02,TRANSPORTE FERROVIÁRIO DE PASSAGEIROS MUNICIPAL E EM REGIÃO METROPOLITANA
166,49.12-4/03,TRANSPORTE METROVIÁRIO
167,49.21-3/01,"TRANSPORTE RODOVIÁRIO COLETIVO DE PASSAGEIROS, COM ITINERÁRIO FIXO, MUNICIPAL"
168,49.21-3/02,"TRANSPORTE RODOVIÁRIO COLETIVO DE PASSAGEIROS, COM ITINERÁRIO FIXO, INTERMUNICIPAL EM REGIÃO METROPOLITANA"
169,49.22-1/01,"TRANSPORTE RODOVIÁRIO COLETIVO DE PASSAGEIROS, COM ITINERÁRIO FIXO, INTERMUNICIPAL, EXCETO EM REGIÃO METROPOLITANA"
170,49.22-1/02,"TRANSPORTE RODOVIÁRIO COLETIVO DE PASSAGEIROS, COM ITINERÁRIO FIXO, INTERESTADUAL"
171,49.22-1/03,"TRANSPORTE RODOVIÁRIO COLETIVO DE PASSAGEIROS, COM ITINERÁRIO FIXO, INTERNACIONAL"
172,49.23-0/01,SERVIÇO DE TÁXI
173,49.23-0/02,SERVIÇO DE TRANSPORTE DE PASSAGEIROS - LOCAÇÃO DE AUTOMÓVEIS COM MOTORISTA
174,49.24-8/00,TRANSPORTE ESCOLAR
175,49.29-9/01,"TRANSPORTE RODOVIÁRIO COLETIVO DE PASSAGEIROS, SOB REGIME DE FRETAMENTO, MUNICIPAL"
176,49.29-9/02,"TRANSPORTE RODOVIÁRIO COLETIVO DE PASSAGEIROS, SOB REGIME DE FRETAMENTO, INTERMUNICIPAL, INTERESTADUAL E INTERNACIONAL"
177,49.29-9/03,"ORGANIZAÇÃO DE EXCURSÕES EM VEÍCULOS RODOVIÁRIOS PRÓPRIOS, MUNICIPAL"
178,49.29-9/04,"ORGANIZAÇÃO DE EXCURSÕES EM VEÍCULOS RODOVIÁRIOS PRÓPRIOS, INTERMUNICIPAL, INTERESTADUAL E INTERNACIONAL"
179,49.29-9/99,OUTROS TRANSPORTES RODOVIÁRIOS DE PASSAGEIROS NÃO ESPECIFICADOS ANTERIORMENTE
180,49.30-2/01,"TRANSPORTE RODOVIÁRIO DE CARGA, EXCETO PRODUTOS PERIGOSOS E MUDANÇAS, MUNICIPAL"
181,49.30-2/02,"TRANSPORTE RODOVIÁRIO DE CARGA, EXCETO PRODUTOS PERIGOSOS E MUDANÇAS, INTERMUNICIPAL, INTERESTADUAL E INTERNACIONAL"
182,49.30-2/03,TRANSPORTE RODOVIÁRIO DE PRODUTOS PERIGOSOS
183,49.30-2/04,TRANSPORTE RODOVIÁRIO DE MUDANÇAS
184,49.40-0/00,TRANSPORTE DUTOVIÁRIO
185,49.50-7/00,"TRENS TURÍSTICOS, TELEFÉRICOS E SIMILARES"
186,50.11-4/01,TRANSPORTE MARÍTIMO DE CABOTAGEM - CARGA
187,50.11-4/02,TRANSPORTE MARÍTIMO DE CABOTAGEM - PASSAGEIROS
188,50.12-2/01,TRANSPORTE MARÍTIMO DE LONGO CURSO - CARGA
189,50.12-2/02,TRANSPORTE MARÍTIMO DE LONGO CURSO - PASSAGEIROS
190,50.21-1/01,"TRANSPORTE POR NAVEGAÇÃO INTERIOR DE CARGA, MUNICIPAL, EXCETO TRAVESSIA"
191,50.21-1/02,"TRANSPORTE POR NAVEGAÇÃO INTERIOR DE CARGA, INTERMUNICIPAL, INTERESTADUAL E INTERNACIONAL, EXCETO TRAVESSIA"
192,50.22-0/01,"TRANSPORTE POR NAVEGAÇÃO INTERIOR DE PASSAGEIROS EM LINHAS REGULARES, MUNICIPAL, EXCETO TRAVESSIA"
193,50.22-0/02,"TRANSPORTE POR NAVEGAÇÃO INTERIOR DE PASSAGEIROS EM LINHAS REGULARES, INTERMUNICIPAL, INTERESTADUAL E INTERNACIONAL, EXCETO TRAVESSIA"
194,50.30-1/01,NAVEGAÇÃO DE APOIO MARÍTIMO
195,50.30-1/02,NAVEGAÇÃO DE APOIO PORTUÁRIO
196,50.30-1/03,SERVIÇO DE REBOCADORES E EMPURRADORES
197,50.91-2/01,"TRANSPORTE POR NAVEGAÇÃO DE TRAVESSIA, MUNICIPAL"
198,50.91-2/02,"TRANSPORTE POR NAVEGAÇÃO DE TRAVESSIA INTERMUNICIPAL, INTERESTADUAL E INTERNACIONAL"
199,50.99-8/01,TRANSPORTE AQUAVIÁRIO PARA PASSEIOS TURÍSTICOS
200,50.99-8/99,OUTROS TRANSPORTES AQUAVIÁRIOS NÃO ESPECIFICADOS ANTERIORMENTE
201,51.11-1/00,TRANSPORTE AÉREO DE PASSAGEIROS REGULAR
202,51.12-9/01,SERVIÇO DE TÁXI AÉREO E LOCAÇÃO DE AERONAVES COM TRIPULAÇÃO
203,51.12-9/99,OUTROS SERVIÇOS DE TRANSPORTE AÉREO DE PASSAGEIROS NÃO REGULAR
204,51.20-0/00,TRANSPORTE AÉREO DE CARGA
205,51.30-7/00,TRANSPORTE ESPACIAL
206,52.11-7/01,ARMAZÉNS GERAIS - EMISSÃO DE WARRANT
207,52.11-7/02,GUARDA MÓVEIS
208,52.11-7/99,"DEPÓSITOS DE MERCADORIAS PARA TERCEIROS, EXCETO ARMAZÉNS GERAIS E GUARDA MÓVEIS"
209,52.12-5/00,CARGA E DESCARGA
210,52.21-4/00,"CONCESSIONÁRIAS DE RODOVIAS, PONTES, TÚNEIS E SERVIÇOS RELACIONADOS"
211,52.22-2/00,TERMINAIS RODOVIÁRIOS E FERROVIÁRIOS
212,52.23-1/00,ESTACIONAMENTO DE VEÍCULOS
213,52.29-0/01,"SERVIÇOS DE APOIO AO TRANSPORTE POR TÁXI, INCLUSIVE CENTRAIS DE CHAMADA"
214,52.29-0/02,SERVIÇOS DE REBOQUE DE VEÍCULOS
215,52.29-0/99,OUTRAS ATIVIDADES AUXILIARES DOS TRANSPORTES TERRESTRES NÃO ESPECIFICADAS ANTERIORMENTE
216,52.31-1/01,ADMINISTRAÇÃO DA INFRAESTRUTURA PORTUÁRIA
217,52.31-1/02,ATIVIDADES DO OPERADOR PORTUÁRIO
218,52.31-1/03,GESTÃO DE TERMINAIS AQUAVIÁRIOS
219,52.32-0/00,ATIVIDADES DE AGENCIAMENTO MARÍTIMO
220,52.39-7/01,SERVIÇOS DE PRATICAGEM
221,52.39-7/99,ATIVIDADES AUXILIARES DOS TRANSPORTES AQUAVIÁRIOS NÃO ESPECIFICADAS ANTERIORMENTE
222,52.40-1/01,OPERAÇÃO DOS AEROPORTOS E CAMPOS DE ATERRISSAGEM
223,52.40-1/99,"ATIVIDADES AUXILIARES DOS TRANSPORTES AÉREOS, EXCETO OPERAÇÃO DOS AEROPORTOS E CAMPOS DE ATERRISSAGEM"
224,52.50-8/01,COMISSARIA DE DESPACHOS
225,52.50-8/02,ATIVIDADES DE DESPACHANTES ADUANEIROS
226,52.50-8/03,"AGENCIAMENTO DE CARGAS, EXCETO PARA O TRANSPORTE MARÍTIMO"
227,52.50-8/04,ORGANIZAÇÃO LOGÍSTICA DO TRANSPORTE DE CARGA
228,52.50-8/05,OPERADOR DE TRANSPORTE MULTIMODAL - OTM
229,53.10-5/01,ATIVIDADES DO CORREIO NACIONAL
230,53.10-5/02,ATIVIDADES DE FRANQUEADAS DO CORREIO NACIONAL
231,53.20-2/01,SERVIÇOS DE MALOTE NÃO REALIZADOS PELO CORREIO NACIONAL
232,53.20-2/02,SERVIÇOS DE ENTREGA RÁPIDA
233,55.10-8/01,HOTÉIS
234,55.10-8/02,APART HOTÉIS
235,55.10-8/03,MOTÉIS
236,55.90-6/01,"ALBERGUES, EXCETO ASSISTENCIAIS"
237,55.90-6/02,CAMPINGS
238,55.90-6/03,PENSÕES(ALOJAMENTO)
239,55.90-6/99,OUTROS ALOJAMENTOS NÃO ESPECIFICADOS ANTERIORMENTE
240,56.11-2/01,RESTAURANTES E SIMILARES
241,56.11-2/03,"LANCHONETES, CASAS DE CHÁ, DE SUCOS E SIMILARES"
242,56.11-2/04,"BARES E OUTROS ESTABELECIMENTOS ESPECIALIZADOS EM SERVIR BEBIDAS, SEM ENTRETENIMENTO"
243,56.11-2/05,"BARES E OUTROS ESTABELECIMENTOS ESPECIALIZADOS EM SERVIR BEBIDAS, COM ENTRETENIMENTO"
244,56.12-1/00,SERVIÇOS AMBULANTES DE ALIMENTAÇÃO
245,56.20-1/01,FORNECIMENTO DE ALIMENTOS PREPARADOS PREPONDERANTEMENTE PARA EMPRESAS
246,56.20-1/02,SERVIÇOS DE ALIMENTAÇÃO PARA EVENTOS E RECEPÇÕES - BUFÊ
247,56.20-1/03,CANTINAS - SERVIÇOS DE ALIMENTAÇÃO PRIVATIVOS
248,56.20-1/04,FORNECIMENTO DE ALIMENTOS PREPARADOS PREPONDERANTEMENTE PARA CONSUMO DOMICILIAR
249,58.11-5/00,EDIÇÃO DE LIVROS
250,58.12-3/01,EDIÇÃO DE JORNAIS DIÁRIOS
251,58.12-3/02,EDIÇÃO DE JORNAIS NÃO DIÁRIOS
252,58.13-1/00,EDIÇÃO DE REVISTAS
253,58.19-1/00,"EDIÇÃO DE CADASTROS, LISTAS E DE OUTROS PRODUTOS GRÁFICOS"
254,58.21-2/00,EDIÇÃO INTEGRADA À IMPRESSÃO DE LIVROS
255,58.22-1/01,EDIÇÃO INTEGRADA À IMPRESSÃO DE JORNAIS DIÁRIOS
256,58.22-1/02,EDIÇÃO INTEGRADA À IMPRESSÃO DE JORNAIS NÃO DIÁRIOS
257,58.23-9/00,EDIÇÃO INTEGRADA À IMPRESSÃO DE REVISTAS
258,58.29-8/00,"EDIÇÃO INTEGRADA À IMPRESSÃO DE CADASTROS, LISTAS E DE OUTROS PRODUTOS GRÁFICOS"
259,59.11-1/01,ESTÚDIOS CINEMATOGRÁFICOS
260,59.11-1/02,PRODUÇÃO DE FILMES PARA PUBLICIDADE
261,59.11-1/99,"ATIVIDADES DE PRODUÇÃO CINEMATOGRÁFICA, DE VÍDEOS E DE PROGRAMAS DE TELEVISÃO NÃO ESPECIFICADAS ANTERIORMENTE"
262,59.12-0/01,SERVIÇOS DE DUBLAGEM
263,59.12-0/02,SERVIÇOS DE MIXAGEM SONORA EM PRODUÇÃO AUDIOVISUAL
264,59.12-0/99,"ATIVIDADES DE PÓS PRODUÇÃO CINEMATOGRÁFICA, DE VÍDEOS E DE PROGRAMAS DE TELEVISÃO NÃO ESPECIFICADAS ANTERIORMENTE"
265,59.13-8/00,"DISTRIBUIÇÃO CINEMATOGRÁFICA, DE VÍDEO E DE PROGRAMAS DE TELEVISÃO"
266,59.14-6/00,ATIVIDADES DE EXIBIÇÃO CINEMATOGRÁFICA
267,59.20-1/00,ATIVIDADES DE GRAVAÇÃO DE SOM E DE EDIÇÃO DE MÚSICA
268,60.10-1/00,ATIVIDADES DE RÁDIO
269,60.21-7/00,ATIVIDADES DE TELEVISÃO ABERTA
270,60.22-5/01,PROGRAMADORAS
271,60.22-5/02,"ATIVIDADES RELACIONADAS À TELEVISÃO POR ASSINATURA, EXCETO PROGRAMADORAS"
272,61.10-8/01,SERVIÇOS DE TELEFONIA FIXA COMUTADA - STFC
273,61.10-8/02,SERVIÇOS DE REDES DE TRANSPORTES DE TELECOMUNICAÇÕES - SRTT
274,61.10-8/03,SERVIÇOS DE COMUNICAÇÃO MULTIMÍDIA - SCM
275,61.10-8/99,SERVIÇOS DE TELECOMUNICAÇÕES POR FIO NÃO ESPECIFICADOS ANTERIORMENTE
276,61.20-5/01,TELEFONIA MÓVEL CELULAR
277,61.20-5/02,SERVIÇO MÓVEL ESPECIALIZADO - SME
278,61.20-5/99,SERVIÇOS DE TELECOMUNICAÇÕES SEM FIO NÃO ESPECIFICADOS ANTERIORMENTE
279,61.30-2/00,TELECOMUNICAÇÕES POR SATÉLITE
280,61.41-8/00,OPERADORAS DE TELEVISÃO POR ASSINATURA POR CABO
281,61.42-6/00,OPERADORAS DE TELEVISÃO POR ASSINATURA POR MICROONDAS
282,61.43-4/00,OPERADORAS DE TELEVISÃO POR ASSINATURA POR SATÉLITE
283,61.90-6/01,PROVEDORES DE ACESSO ÀS REDES DE COMUNICAÇÕES
284,61.90-6/02,PROVEDORES DE VOZ SOBRE PROTOCOLO INTERNET - VOIP
285,61.90-6/99,OUTRAS ATIVIDADES DE TELECOMUNICAÇÕES NÃO ESPECIFICADAS ANTERIORMENTE
286,62.01-5/01,DESENVOLVIMENTO DE PROGRAMAS DE COMPUTADOR SOB ENCOMENDA
287,62.01-5/02,WEB DESIGN
288,62.02-3/00,DESENVOLVIMENTO E LICENCIAMENTO DE PROGRAMAS DE COMPUTADOR CUSTOMIZÁVEIS
289,62.03-1/00,DESENVOLVIMENTO E LICENCIAMENTO DE PROGRAMAS DE COMPUTADOR NÃO CUSTOMIZÁVEIS
290,62.04-0/00,CONSULTORIA EM TECNOLOGIA DA INFORMAÇÃO
291,62.09-1/00,"SUPORTE TÉCNICO, MANUTENÇÃO E OUTROS SERVIÇOS EM TECNOLOGIA DA INFORMAÇÃO"
292,63.11-9/00,"TRATAMENTO DE DADOS, PROVEDORES DE SERVIÇOS DE APLICAÇÃO E SERVIÇOS DE HOSPEDAGEM NA INTERNET"
293,63.19-4/00,"PORTAIS, PROVEDORES DE CONTEÚDO E OUTROS SERVIÇOS DE INFORMAÇÃO NA INTERNET"
294,63.91-7/00,AGÊNCIAS DE NOTÍCIAS
295,63.99-2/00,OUTRAS ATIVIDADES DE PRESTAÇÃO DE SERVIÇOS DE INFORMAÇÃO NÃO ESPECIFICADAS ANTERIORMENTE
296,64.10-7/00,BANCO CENTRAL
297,64.21-2/00,BANCOS COMERCIAIS
298,64.22-1/00,"BANCOS MÚLTIPLOS, COM CARTEIRA COMERCIAL"
299,64.23-9/00,CAIXAS ECONÔMICAS
300,64.24-7/01,BANCOS COOPERATIVOS
301,64.24-7/02,COOPERATIVAS CENTRAIS DE CRÉDITO
302,64.24-7/03,COOPERATIVAS DE CRÉDITO MÚTUO
303,64.24-7/04,COOPERATIVAS DE CRÉDITO RURAL
304,64.31-0/00,"BANCOS MÚLTIPLOS, SEM CARTEIRA COMERCIAL"
305,64.32-8/00,BANCOS DE INVESTIMENTO
306,64.33-6/00,BANCOS DE DESENVOLVIMENTO
307,64.34-4/00,AGÊNCIAS DE FOMENTO
308,64.35-2/01,SOCIEDADES DE CRÉDITO IMOBILIÁRIO
309,64.35-2/02,ASSOCIAÇÕES DE POUPANÇA E EMPRÉSTIMO
310,64.35-2/03,COMPANHIAS HIPOTECÁRIAS
311,64.36-1/00,"SOCIEDADES DE CRÉDITO, FINANCIAMENTO E INVESTIMENTO - FINANCEIRAS"
312,64.37-9/00,SOCIEDADES DE CRÉDITO AO MICROEMPREENDEDOR
313,64.38-7/01,BANCOS DE CÂMBIO
314,64.38-7/99,OUTRAS INSTITUIÇÕES DE INTERMEDIAÇÃO NÃO MONETÁRIA
315,64.40-9/00,ARRENDAMENTO MERCANTIL
316,64.50-6/00,SOCIEDADES DE CAPITALIZAÇÃO
317,64.61-1/00,HOLDINGS DE INSTITUIÇÕES FINANCEIRAS
318,64.62-0/00,HOLDINGS DE INSTITUIÇÕES NÃO FINANCEIRAS
319,64.63-8/00,"OUTRAS SOCIEDADES DE PARTICIPAÇÃO, EXCETO HOLDINGS"
320,64.70-1/01,"FUNDOS DE INVESTIMENTO, EXCETO PREVIDENCIÁRIOS E IMOBILIÁRIOS"
321,64.70-1/02,FUNDOS DE INVESTIMENTO PREVIDENCIÁRIOS
322,64.70-1/03,FUNDOS DE INVESTIMENTO IMOBILIÁRIOS
323,64.91-3/00,SOCIEDADES DE FOMENTO MERCANTIL - FACTORING
324,64.92-1/00,SECURITIZAÇÃO DE CRÉDITOS
325,64.93-0/00,ADMINISTRAÇÃO DE CONSÓRCIOS PARA AQUISIÇÃO DE BENS E DIREITOS
326,64.99-9/01,CLUBES DE INVESTIMENTO
327,64.99-9/02,SOCIEDADES DE INVESTIMENTO
328,64.99-9/03,FUNDO GARANTIDOR DE CRÉDITO
329,64.99-9/04,CAIXAS DE FINANCIAMENTO DE CORPORAÇÕES
330,64.99-9/05,CONCESSÃO DE CRÉDITO PELAS OSCIP
331,64.99-9/99,OUTRAS ATIVIDADES DE SERVIÇOS FINANCEIROS NÃO ESPECIFICADAS ANTERIORMENTE
332,65.11-1/01,SOCIEDADE SEGURADORA DE SEGUROS VIDA
333,65.11-1/02,PLANOS DE AUXÍLIO FUNERAL
334,65.12-0/00,SOCIEDADE SEGURADORA DE SEGUROS NÃO VIDA
335,65.20-1/00,SOCIEDADE SEGURADORA DE SEGUROS SAÚDE
336,65.30-8/00,RESSEGUROS
337,65.41-3/00,PREVIDÊNCIA COMPLEMENTAR FECHADA
338,65.42-1/00,PREVIDÊNCIA COMPLEMENTAR ABERTA
339,65.50-2/00,PLANOS DE SAÚDE
340,66.11-8/01,BOLSA DE VALORES
341,66.11-8/02,BOLSA DE MERCADORIAS
342,66.11-8/03,BOLSA DE MERCADORIAS E FUTUROS
343,66.11-8/04,ADMINISTRAÇÃO DE MERCADOS DE BALCÃO ORGANIZADOS
344,66.12-6/01,CORRETORAS DE TÍTULOS E VALORES MOBILIÁRIOS
345,66.12-6/02,DISTRIBUIDORAS DE TÍTULOS E VALORES MOBILIÁRIOS
346,66.12-6/03,CORRETORAS DE CÂMBIO
347,66.12-6/04,CORRETORAS DE CONTRATOS DE MERCADORIAS
348,66.12-6/05,AGENTES DE INVESTIMENTOS EM APLICAÇÕES FINANCEIRAS
349,66.13-4/00,ADMINISTRAÇÃO DE CARTÕES DE CRÉDITO
350,66.19-3/01,SERVIÇOS DE LIQUIDAÇÃO E CUSTÓDIA
351,66.19-3/02,CORRESPONDENTES DE INSTITUIÇÕES FINANCEIRAS
352,66.19-3/03,REPRESENTAÇÕES DE BANCOS ESTRANGEIROS
353,66.19-3/04,CAIXAS ELETRÔNICOS
354,66.19-3/05,OPERADORAS DE CARTÕES DE DÉBITO
355,66.19-3/99,OUTRAS ATIVIDADES AUXILIARES DOS SERVIÇOS FINANCEIROS NÃO ESPECIFICADAS ANTERIORMENTE
356,66.21-5/01,PERITOS E AVALIADORES DE SEGUROS
357,66.21-5/02,AUDITORIA E CONSULTORIA ATUARIAL
358,66.22-3/00,"CORRETORES E AGENTES DE SEGUROS, DE PLANOS DE PREVIDÊNCIA COMPLEMENTAR E DE SAÚDE"
359,66.29-1/00,"ATIVIDADES AUXILIARES DOS SEGUROS, DA PREVIDÊNCIA COMPLEMENTAR E DOS PLANOS DE SAÚDE NÃO ESPECIFICADAS ANTERIORMENTE"
360,66.30-4/00,ATIVIDADES DE ADMINISTRAÇÃO DE FUNDOS POR CONTRATO OU COMISSÃO
361,68.10-2/01,COMPRA E VENDA DE IMÓVEIS PRÓPRIOS
362,68.10-2/02,ALUGUEL DE IMÓVEIS PRÓPRIOS
363,68.10-2/03,LOTEAMENTO DE IMÓVEIS PRÓPRIOS
364,68.21-8/01,CORRETAGEM NA COMPRA E VENDA E AVALIAÇÃO DE IMÓVEIS
365,68.21-8/02,CORRETAGEM NO ALUGUEL DE IMÓVEIS
366,68.22-6/00,GESTÃO E ADMINISTRAÇÃO DA PROPRIEDADE IMOBILIARIA
367,69.11-7/01,SERVIÇOS ADVOCATÍCIOS
368,69.11-7/02,ATIVIDADES AUXILIARES DA JUSTIÇA
369,69.11-7/03,AGENTE DE PROPRIEDADE INDUSTRIAL
370,69.12-5/00,CARTÓRIOS
371,69.20-6/01,ATIVIDADES DE CONTABILIDADE
372,69.20-6/02,ATIVIDADES DE CONSULTORIA E AUDITORIA CONTÁBIL E TRIBUTÁRIA
373,70.20-4/00,"ATIVIDADES DE CONSULTORIA EM GESTÃO EMPRESARIAL, EXCETO CONSULTORIA TÉCNICA ESPECÍFICA"
374,71.11-1/00,SERVIÇOS DE ARQUITETURA
375,71.12-0/00,SERVIÇOS DE ENGENHARIA
376,71.19-7/01,"SERVIÇOS DE CARTOGRAFIA, TOPOGRAFIA E GEODÉSIA"
377,71.19-7/02,ATIVIDADES DE ESTUDOS GEOLÓGICOS
378,71.19-7/03,SERVIÇOS DE DESENHO TÉCNICO RELACIONADOS À ARQUITETURA E ENGENHARIA
379,71.19-7/04,SERVIÇOS DE PERÍCIA TÉCNICA RELACIONADOS À SEGURANÇA DO TRABALHO
380,71.19-7/99,ATIVIDADES TÉCNICAS RELACIONADAS À ENGENHARIA E ARQUITETURA NÃO ESPECIFICADAS ANTERIORMENTE
381,71.20-1/00,TESTES E ANÁLISES TÉCNICAS
382,72.10-0/00,PESQUISA E DESENVOLVIMENTO EXPERIMENTAL EM CIÊNCIAS FÍSICAS E NATURAIS
383,72.20-7/00,PESQUISA E DESENVOLVIMENTO EXPERIMENTAL EM CIÊNCIAS SOCIAIS E HUMANAS
384,73.11-4/00,AGÊNCIAS DE PUBLICIDADE
385,73.12-2/00,"AGENCIAMENTO DE ESPAÇOS PARA PUBLICIDADE, EXCETO EM VEÍCULOS DE COMUNICAÇÃO"
386,73.19-0/01,CRIAÇÃO ESTANDES PARA FEIRAS E EXPOSIÇÕES
387,73.19-0/02,PROMOÇÃO DE VENDAS
388,73.19-0/03,MARKETING DIRETO
389,73.19-0/04,CONSULTORIA EM PUBLICIDADE
390,73.19-0/99,OUTRAS ATIVIDADES DE PUBLICIDADE NÃO ESPECIFICADAS ANTERIORMENTE
391,73.20-3/00,PESQUISAS DE MERCADO E DE OPINIÃO PÚBLICA
392,74.10-2/02,DESIGN DE INTERIORES
393,74.10-2/03,DESIGN DE PRODUTO
394,74.10-2/99,ATIVIDADES DE DESIGN NÃO ESPECIFICADAS ANTERIORMENTE
395,74.20-0/01,"ATIVIDADES DE PRODUÇÃO DE FOTOGRAFIAS, EXCETO AÉREA E SUBMARINA"
396,74.20-0/02,ATIVIDADES DE PRODUÇÃO DE FOTOGRAFIAS AÉREAS E SUBMARINAS
397,74.20-0/03,LABORATÓRIOS FOTOGRÁFICOS
398,74.20-0/04,FILMAGEM DE FESTAS E EVENTOS
399,74.20-0/05,SERVIÇOS DE MICROFILMAGEM
400,74.90-1/01,"SERVIÇOS DE TRADUÇÃO, INTERPRETAÇÃO E SIMILARES"
401,74.90-1/02,ESCAFANDRIA E MERGULHO
402,74.90-1/03,SERVIÇOS DE AGRONOMIA E DE CONSULTORIA ÀS ATIVIDADES AGRÍCOLAS E PECUÁRIAS
403,74.90-1/04,"ATIVIDADES DE INTERMEDIAÇÃO E AGENCIAMENTO DE SERVIÇOS E NEGÓCIOS EM GERAL, EXCETO IMOBILIÁRIOS"
404,74.90-1/05,"AGENCIAMENTO DE PROFISSIONAIS PARA ATIVIDADES ESPORTIVAS, CULTURAIS E ARTÍSTICAS"
405,74.90-1/99,"OUTRAS ATIVIDADES PROFISSIONAIS, CIENTÍFICAS E TÉCNICAS NÃO ESPECIFICADAS ANTERIORMENTE"
406,75.00-1/00,ATIVIDADES VETERINÁRIAS
407,77.11-0/00,LOCAÇÃO DE AUTOMÓVEIS SEM CONDUTOR
408,77.19-5/01,"LOCAÇÃO DE EMBARCAÇÕES SEM TRIPULAÇÃO, EXCETO PARA FINS RECREATIVOS"
409,77.19-5/02,LOCAÇÃO DE AERONAVES SEM TRIPULAÇÃO
410,77.19-5/99,"LOCAÇÃO DE OUTROS MEIOS DE TRANSPORTE NÃO ESPECIFICADOS ANTERIORMENTE, SEM CONDUTOR"
411,77.21-7/00,ALUGUEL DE EQUIPAMENTOS RECREATIVOS E ESPORTIVOS
412,77.22-5/00,"ALUGUEL DE FITAS DE VÍDEO, DVDS E SIMILARES"
413,77.23-3/00,"ALUGUEL DE OBJETOS DO VESTUÁRIO, JÓIAS E ACESSÓRIOS"
414,77.29-2/01,ALUGUEL DE APARELHOS DE JOGOS ELETRÔNICOS
415,77.29-2/02,"ALUGUEL DE MÓVEIS, UTENSÍLIOS E APARELHOS DE USO DOMÉSTICO E PESSOAL; INSTRUMENTOS MUSICAIS"
416,77.29-2/03,ALUGUEL DE MATERIAL MÉDICO
417,77.29-2/99,ALUGUEL DE OUTROS OBJETOS PESSOAIS E DOMÉSTICOS NÃO ESPECIFICADOS ANTERIORMENTE
418,77.31-4/00,ALUGUEL DE MÁQUINAS E EQUIPAMENTOS AGRÍCOLAS SEM OPERADOR
419,77.32-2/01,"ALUGUEL DE MÁQUINAS E EQUIPAMENTOS PARA CONSTRUÇÃO SEM OPERADOR, EXCETO ANDAIMES"
420,77.32-2/02,ALUGUEL DE ANDAIMES
421,77.33-1/00,ALUGUEL DE MÁQUINAS E EQUIPAMENTOS PARA ESCRITÓRIOS
422,77.39-0/01,"ALUGUEL DE MÁQUINAS E EQUIPAMENTOS PARA EXTRAÇÃO DE MINÉRIOS E PETRÓLEO, SEM OPERADOR"
423,77.39-0/02,"ALUGUEL DE EQUIPAMENTOS CIENTÍFICOS, MÉDICOS E HOSPITALARES, SEM OPERADOR"
424,77.39-0/03,"ALUGUEL DE PALCOS, COBERTURAS E OUTRAS ESTRUTURAS DE USO TEMPORÁRIO, EXCETO ANDAIMES"
425,77.39-0/99,"ALUGUEL DE OUTRAS MÁQUINAS E EQUIPAMENTOS COMERCIAIS E INDUSTRIAIS NÃO ESPECIFICADOS ANTERIORMENTE, SEM OPERADOR"
426,77.40-3/00,GESTÃO DE ATIVOS INTANGÍVEIS NÃO FINANCEIROS
427,78.10-8/00,SELEÇÃO E AGENCIAMENTO DE MÃO DE OBRA
428,78.20-5/00,LOCAÇÃO DE MÃO DE OBRA TEMPORÁRIA
429,78.30-2/00,FORNECIMENTO E GESTÃO DE RECURSOS HUMANOS PARA TERCEIROS
430,79.11-2/00,AGÊNCIAS DE VIAGENS
431,79.12-1/00,OPERADORES TURÍSTICOS
432,79.90-2/00,SERVIÇOS DE RESERVAS E OUTROS SERVIÇOS DE TURISMO NÃO ESPECIFICADOS ANTERIORMENTE
433,80.11-1/01,ATIVIDADES DE VIGILÂNCIA E SEGURANÇA PRIVADA
434,80.11-1/02,SERVIÇOS DE ADESTRAMENTO DE CÃES DE GUARDA
435,80.12-9/00,ATIVIDADES DE TRANSPORTE DE VALORES
436,80.20-0/01,ATIVIDADES DE MONITORAMENTO DE SISTEMAS DE SEGURANÇA ELETRÔNICO
437,80.20-0/02,OUTRAS ATIVIDADES DE SERVIÇOS DE SEGURANÇA
438,80.30-7/00,ATIVIDADES DE INVESTIGAÇÃO PARTICULAR
439,81.11-7/00,"SERVIÇOS COMBINADOS PARA APOIO A EDIFÍCIOS, EXCETO CONDOMÍNIOS PREDIAIS"
440,81.12-5/00,CONDOMÍNIOS PREDIAIS
441,81.21-4/00,LIMPEZA EM PRÉDIOS E EM DOMICÍLIOS
442,81.22-2/00,IMUNIZAÇÃO E CONTROLE DE PRAGAS URBANAS
443,81.29-0/00,ATIVIDADES DE LIMPEZA NÃO ESPECIFICADAS ANTERIORMENTE
444,81.30-3/00,ATIVIDADES PAISAGÍSTICAS
445,82.11-3/00,SERVIÇOS COMBINADOS DE ESCRITÓRIO E APOIO ADMINISTRATIVO
446,82.19-9/01,FOTOCÓPIAS
447,82.19-9/99,PREPARAÇÃO DE DOCUMENTOS E SERVIÇOS ESPECIALIZADOS DE APOIO ADMINISTRATIVO NÃO ESPECIFICADOS ANTERIORMENTE
448,82.20-2/00,ATIVIDADES DE TELEATENDIMENTO
449,82.30-0/01,"SERVIÇOS DE ORGANIZAÇÃO DE FEIRAS, CONGRESSOS, EXPOSIÇÕES E FESTAS"
450,82.30-0/02,CASAS DE FESTAS E EVENTOS
451,82.91-1/00,ATIVIDADES DE COBRANÇAS E INFORMAÇÕES CADASTRAIS
452,82.92-0/00,ENVASAMENTO E EMPACOTAMENTO SOB CONTRATO
453,82.99-7/01,"MEDIÇÃO DE CONSUMO DE ENERGIA ELÉTRICA, GÁS E ÁGUA"
454,82.99-7/02,"EMISSÃO DE VALES ALIMENTAÇÃO, VALES TRANSPORTE E SIMILARES"
455,82.99-7/03,"SERVIÇOS DE GRAVAÇÃO DE CARIMBOS, EXCETO CONFECÇÃO"
456,82.99-7/04,LEILOEIROS INDEPENDENTES
457,82.99-7/05,SERVIÇOS DE LEVANTAMENTO DE FUNDOS SOB CONTRATO
458,82.99-7/06,CASAS LOTÉRICAS
459,82.99-7/07,SALAS DE ACESSO À INTERNET
460,82.99-7/99,OUTRAS ATIVIDADES DE SERVIÇOS PRESTADOS PRINCIPALMENTE ÀS EMPRESAS NÃO ESPECIFICADAS ANTERIORMENTE
461,84.11-6/00,ADMINISTRAÇÃO PÚBLICA EM GERAL
462,84.12-4/00,"REGULAÇÃO DAS ATIVIDADES DE SAÚDE, EDUCAÇÃO, SERVIÇOS CULTURAIS E OUTROS SERVIÇOS SOCIAIS"
463,84.13-2/00,REGULAÇÃO DAS ATIVIDADES ECONÔMICAS
464,84.21-3/00,RELAÇÕES EXTERIORES
465,84.22-1/00,DEFESA
466,84.23-0/00,JUSTIÇA
467,84.24-8/00,SEGURANÇA E ORDEM PÚBLICA
468,84.25-6/00,DEFESA CIVIL
469,84.30-2/00,SEGURIDADE SOCIAL OBRIGATÓRIA
470,85.11-2/00,EDUCAÇÃO INFANTIL - CRECHE
471,85.12-1/00,EDUCAÇÃO INFANTIL - PRÉESCOLA
472,85.13-9/00,ENSINO FUNDAMENTAL
473,85.20-1/00,ENSINO MÉDIO
474,85.31-7/00,EDUCAÇÃO SUPERIOR - GRADUAÇÃO
475,85.32-5/00,EDUCAÇÃO SUPERIOR - GRADUAÇÃO E PÓS GRADUAÇÃO
476,85.33-3/00,EDUCAÇÃO SUPERIOR - PÓS GRADUAÇÃO E EXTENSÃO
477,85.41-4/00,EDUCAÇÃO PROFISSIONAL DE NÍVEL TÉCNICO
478,85.42-2/00,EDUCAÇÃO PROFISSIONAL DE NÍVEL TECNOLÓGICO
479,85.50-3/01,ADMINISTRAÇÃO DE CAIXAS ESCOLARES
480,85.50-3/02,"ATIVIDADES DE APOIO À EDUCAÇÃO, EXCETO CAIXAS ESCOLARES"
481,85.91-1/00,ENSINO DE ESPORTES
482,85.92-9/01,ENSINO DE DANÇA
483,85.92-9/02,"ENSINO DE ARTES CÊNICAS, EXCETO DANÇA"
484,85.92-9/03,ENSINO DE MÚSICA
485,85.92-9/99,ENSINO DE ARTE E CULTURA NÃO ESPECIFICADO ANTERIORMENTE
486,85.93-7/00,ENSINO DE IDIOMAS
487,85.99-6/01,FORMAÇÃO DE CONDUTORES
488,85.99-6/02,CURSOS DE PILOTAGEM
489,85.99-6/03,TREINAMENTO EM INFORMÁTICA
490,85.99-6/04,TREINAMENTO EM DESENVOLVIMENTO PROFISSIONAL E GERENCIAL
491,85.99-6/05,CURSOS PREPARATÓRIOS PARA CONCURSOS
492,85.99-6/99,OUTRAS ATIVIDADES DE ENSINO NÃO ESPECIFICADAS ANTERIORMENTE
493,86.10-1/01,"ATIVIDADES DE ATENDIMENTO HOSPITALAR, EXCETO PRONTO SOCORRO E UNIDADES PARA ATENDIMENTO A URGÊNCIAS"
494,86.10-1/02,ATIVIDADES DE ATENDIMENTO EM PRONTO SOCORRO E UNIDADES HOSPITALARES PARA ATENDIMENTO A URGÊNCIAS
495,86.21-6/01,UTI MÓVEL
496,86.21-6/02,"SERVIÇOS MÓVEIS DE ATENDIMENTO A URGÊNCIAS, EXCETO POR UTI MÓVEL"
497,86.22-4/00,"SERVIÇOS DE REMOÇÃO DE PACIENTES, EXCETO OS SERVIÇOS MÓVEIS DE ATENDIMENTO A URGÊNCIAS"
498,86.30-5/01,ATIVIDADE MÉDICA AMBULATORIAL COM RECURSOS PARA REALIZAÇÃO DE PROCEDIMENTOS CIRÚRGICOS
499,86.30-5/02,ATIVIDADE MÉDICA AMBULATORIAL COM RECURSOS PARA REALIZAÇÃO DE EXAMES COMPLEMENTARES
500,86.30-5/03,ATIVIDADE MÉDICA AMBULATORIAL RESTRITA A CONSULTAS
501,86.30-5/04,ATIVIDADE ODONTOLÓGICA
502,86.30-5/06,SERVIÇOS DE VACINAÇÃO E IMUNIZAÇÃO HUMANA
503,86.30-5/07,ATIVIDADES DE REPRODUÇÃO HUMANA ASSISTIDA
504,86.30-5/99,ATIVIDADES DE ATENÇÃO AMBULATORIAL NÃO ESPECIFICADAS ANTERIORMENTE
505,86.40-2/01,LABORATÓRIOS DE ANATOMIA PATOLÓGICA E CITOLÓGICA
506,86.40-2/02,LABORATÓRIOS CLÍNICOS
507,86.40-2/03,SERVIÇOS DE DIÁLISE E NEFROLOGIA
508,86.40-2/04,SERVIÇOS DE TOMOGRAFIA
509,86.40-2/05,"SERVIÇOS DE DIAGNÓSTICO POR IMAGEM COM USO DE RADIAÇÃO IONIZANTE, EXCETO TOMOGRAFIA"
510,86.40-2/06,SERVIÇOS DE RESSONÂNCIA MAGNÉTICA
511,86.40-2/07,"SERVIÇOS DE DIAGNÓSTICO POR IMAGEM SEM USO DE RADIAÇÃO IONIZANTE, EXCETO RESSONÂNCIA MAGNÉTICA"
512,86.40-2/08,"SERVIÇOS DE DIAGNÓSTICO POR REGISTRO GRÁFICO - ECG, EEG E OUTROS EXAMES ANÁLOGOS"
513,86.40-2/09,SERVIÇOS DE DIAGNÓSTICO POR MÉTODOS ÓPTICOS - ENDOSCOPIA E OUTROS EXAMES ANÁLOGOS
514,86.40-2/10,SERVIÇOS DE QUIMIOTERAPIA
515,86.40-2/11,SERVIÇOS DE RADIOTERAPIA
516,86.40-2/12,SERVIÇOS DE HEMOTERAPIA
517,86.40-2/13,SERVIÇOS DE LITOTRIPCIA
518,86.40-2/14,SERVIÇOS DE BANCOS DE CÉLULAS E TECIDOS HUMANOS
519,86.40-2/99,ATIVIDADES DE SERVIÇOS DE COMPLEMENTAÇÃO DIAGNÓSTICA E TERAPÊUTICA NÃO ESPECIFICADAS ANTERIORMENTE
520,86.50-0/01,ATIVIDADES DE ENFERMAGEM
521,86.50-0/02,ATIVIDADES DE PROFISSIONAIS DA NUTRIÇÃO
522,86.50-0/03,ATIVIDADES DE PSICOLOGIA E PSICANÁLISE
523,86.50-0/04,ATIVIDADES DE FISIOTERAPIA
524,86.50-0/05,ATIVIDADES DE TERAPIA OCUPACIONAL
525,86.50-0/06,ATIVIDADES DE FONOAUDIOLOGIA
526,86.50-0/07,ATIVIDADES DE TERAPIA DE NUTRIÇÃO ENTERAL E PARENTERAL
527,86.50-0/99,ATIVIDADES DE PROFISSIONAIS DA ÁREA DE SAÚDE NÃO ESPECIFICADAS ANTERIORMENTE
528,86.60-7/00,ATIVIDADES DE APOIO À GESTÃO DE SAÚDE
529,86.90-9/01,ATIVIDADES DE PRÁTICAS INTEGRATIVAS E COMPLEMENTARES EM SAÚDE HUMANA
530,86.90-9/02,ATIVIDADES DE BANCO DE LEITE HUMANO
531,86.90-9/03,ATIVIDADES DE ACUPUNTURA
532,86.90-9/04,ATIVIDADES DE PODOLOGIA
533,86.90-9/99,OUTRAS ATIVIDADES DE ATENÇÃO À SAÚDE HUMANA NÃO ESPECIFICADAS ANTERIORMENTE
534,87.11-5/01,CLÍNICAS E RESIDÊNCIAS GERIÁTRICAS
535,87.11-5/02,INSTITUIÇÕES DE LONGA PERMANÊNCIA PARA IDOSOS
536,87.11-5/03,"ATIVIDADES DE ASSISTÊNCIA A DEFICIENTES FÍSICOS, IMUNODEPRIMIDOS E CONVALESCENTES"
537,87.11-5/04,CENTROS DE APOIO A PACIENTES COM CÂNCER E COM AIDS
538,87.11-5/05,CONDOMÍNIOS RESIDENCIAIS PARA IDOSOS
539,87.12-3/00,ATIVIDADES DE FORNECIMENTO DE INFRAESTRUTURA DE APOIO E ASSISTÊNCIA A PACIENTE NO DOMICÍLIO
540,87.20-4/01,ATIVIDADES DE CENTROS DE ASSISTÊNCIA PSICOSSOCIAL
541,87.20-4/99,"ATIVIDADES DE ASSISTÊNCIA PSICOSSOCIAL E À SAÚDE A PORTADORES DE DISTÚRBIOS PSÍQUICOS, DEFICIÊNCIA MENTAL E DEPENDÊNCIA QUÍMICA E GRUPOS SIMILARES NÃO ESPECIFICADAS ANTERIORMENTE"
542,87.30-1/01,ORFANATOS
543,87.30-1/02,ALBERGUES ASSISTENCIAIS
544,87.30-1/99,ATIVIDADES DE ASSISTÊNCIA SOCIAL PRESTADAS EM RESIDÊNCIAS COLETIVAS E PARTICULARES NÃO ESPECIFICADAS ANTERIORMENTE
545,88.00-6/00,SERVIÇOS DE ASSISTÊNCIA SOCIAL SEM ALOJAMENTO
546,90.01-9/01,PRODUÇÃO TEATRAL
547,90.01-9/02,PRODUÇÃO MUSICAL
548,90.01-9/03,PRODUÇÃO DE ESPETÁCULOS DE DANÇA
549,90.01-9/04,"PRODUÇÃO DE ESPETÁCULOS CIRCENSES, DE MARIONETES E SIMILARES"
550,90.01-9/05,"PRODUÇÃO DE ESPETÁCULOS DE RODEIOS, VAQUEJADAS E SIMILARES"
551,90.01-9/06,ATIVIDADES DE SONORIZAÇÃO E DE ILUMINAÇÃO
552,90.01-9/99,"ARTES CÊNICAS, ESPETÁCULOS E ATIVIDADES COMPLEMENTARES NÃO ESPECIFICADAS ANTERIORMENTE"
553,90.02-7/01,"ATIVIDADES DE ARTISTAS PLÁSTICOS, JORNALISTAS INDEPENDENTES E ESCRITORES"
554,90.02-7/02,RESTAURAÇÃO DE OBRAS DE ARTE
555,90.03-5/00,"GESTÃO DE ESPAÇOS PARA ARTES CÊNICAS, ESPETÁCULOS E OUTRAS ATIVIDADES ARTÍSTICAS"
556,91.01-5/00,ATIVIDADES DE BIBLIOTECAS E ARQUIVOS
557,91.02-3/01,ATIVIDADES DE MUSEUS E DE EXPLORAÇÃO DE LUGARES E PRÉDIOS HISTÓRICOS E ATRAÇÕES SIMILARES
558,91.02-3/02,RESTAURAÇÃO E CONSERVAÇÃO DE LUGARES E PRÉDIOS HISTÓRICOS
559,91.03-1/00,"ATIVIDADES DE JARDINS BOTÂNICOS, ZOOLÓGICOS, PARQUES NACIONAIS, RESERVAS ECOLÓGICAS E ÁREAS DE PROTEÇÃO AMBIENTAL"
560,92.00-3/01,CASAS DE BINGO
561,92.00-3/02,EXPLORAÇÃO DE APOSTAS EM CORRIDAS DE CAVALOS
562,92.00-3/99,EXPLORAÇÃO DE JOGOS DE AZAR E APOSTAS NÃO ESPECIFICADOS ANTERIORMENTE
563,93.11-5/00,GESTÃO DE INSTALAÇÕES DE ESPORTES
564,93.12-3/00,"CLUBES SOCIAIS, ESPORTIVOS E SIMILARES"
565,93.13-1/00,ATIVIDADES DE CONDICIONAMENTO FÍSICO
566,93.19-1/01,PRODUÇÃO E PROMOÇÃO DE EVENTOS ESPORTIVOS
567,93.19-1/99,OUTRAS ATIVIDADES ESPORTIVAS NÃO ESPECIFICADAS ANTERIORMENTE
568,93.21-2/00,PARQUES DE DIVERSÃO E PARQUES TEMÁTICOS
569,93.29-8/01,"DISCOTECAS, DANCETERIAS, SALÕES DE DANÇA E SIMILARES"
570,93.29-8/02,EXPLORAÇÃO DE BOLICHES
571,93.29-8/03,"EXPLORAÇÃO DE JOGOS DE SINUCA, BILHAR E SIMILARES"
572,93.29-8/04,EXPLORAÇÃO DE JOGOS ELETRÔNICOS RECREATIVOS
573,93.29-8/99,OUTRAS ATIVIDADES DE RECREAÇÃO E LAZER NÃO ESPECIFICADAS ANTERIORMENTE
574,94.11-1/00,ATIVIDADES DE ORGANIZAÇÕES ASSOCIATIVAS PATRONAIS E EMPRESARIAIS
575,94.12-0/01,ATIVIDADES DE FISCALIZAÇÃO PROFISSIONAL
576,94.12-0/99,OUTRAS ATIVIDADES ASSOCIATIVAS PROFISSIONAIS
577,94.20-1/00,ATIVIDADES DE ORGANIZAÇÕES SINDICAIS
578,94.30-8/00,ATIVIDADES DE ASSOCIAÇÕES DE DEFESA DE DIREITOS SOCIAIS
579,94.91-0/00,ATIVIDADES DE ORGANIZAÇÕES RELIGIOSAS OU FILOSÓFICAS
580,94.92-8/00,ATIVIDADES DE ORGANIZAÇÕES POLÍTICAS
581,94.93-6/00,ATIVIDADES DE ORGANIZAÇÕES ASSOCIATIVAS LIGADAS À CULTURA E À ARTE
582,94.99-5/00,ATIVIDADES ASSOCIATIVAS NÃO ESPECIFICADAS ANTERIORMENTE
583,95.11-8/00,REPARAÇÃO E MANUTENÇÃO DE COMPUTADORES E DE EQUIPAMENTOS PERIFÉRICOS
584,95.12-6/00,REPARAÇÃO E MANUTENÇÃO DE EQUIPAMENTOS DE COMUNICAÇÃO
585,95.21-5/00,REPARAÇÃO E MANUTENÇÃO DE EQUIPAMENTOS ELETROELETRÔNICOS DE USO PESSOAL E DOMÉSTICO
586,95.29-1/01,"REPARAÇÃO DE CALÇADOS, DE BOLSAS E ARTIGOS DE VIAGEM"
587,95.29-1/02,CHAVEIROS
588,95.29-1/03,REPARAÇÃO DE RELÓGIOS
589,95.29-1/04,"REPARAÇÃO DE BICICLETAS, TRICICLOS E OUTROS VEÍCULOS NÃO MOTORIZADOS"
590,95.29-1/05,REPARAÇÃO DE ARTIGOS DO MOBILIÁRIO
591,95.29-1/06,REPARAÇÃO DE JÓIAS
592,95.29-1/99,REPARAÇÃO E MANUTENÇÃO DE OUTROS OBJETOS E EQUIPAMENTOS PESSOAIS E DOMÉSTICOS NÃO ESPECIFICADOS ANTERIORMENTE
593,96.01-7/01,LAVANDERIAS
594,96.01-7/02,TINTURARIAS
595,96.01-7/03,TOALHEIROS
596,96.02-5/01,"CABELEIREIROS, MANICURE E PEDICURE"
597,96.02-5/02,ATIVIDADES DE ESTÉTICA E OUTROS SERVIÇOS DE CUIDADOS COM A BELEZA
598,96.03-3/01,GESTÃO E MANUTENÇÃO DE CEMITÉRIOS
599,96.03-3/02,SERVIÇOS DE CREMAÇÃO
600,96.03-3/03,SERVIÇOS DE SEPULTAMENTO
601,96.03-3/04,SERVIÇOS DE FUNERÁRIAS
602,96.03-3/05,SERVIÇOS DE SOMATOCONSERVAÇÃO
603,96.03-3/99,ATIVIDADES FUNERÁRIAS E SERVIÇOS RELACIONADOS NÃO ESPECIFICADOS ANTERIORMENTE
604,96.09-2/02,AGÊNCIAS MATRIMONIAIS
605,96.09-2/04,EXPLORAÇÃO DE MÁQUINAS DE SERVIÇOS PESSOAIS ACIONADAS POR MOEDA
606,96.09-2/05,ATIVIDADES DE SAUNA E BANHOS
607,96.09-2/06,SERVIÇOS DE TATUAGEM E COLOCAÇÃO DE PIERCING
608,96.09-2/07,ALOJAMENTO DE ANIMAIS DOMÉSTICOS
609,96.09-2/08,HIGIENE E EMBELEZAMENTO DE ANIMAIS DOMÉSTICOS
610,96.09-2/99,OUTRAS ATIVIDADES DE SERVIÇOS PESSOAIS NÃO ESPECIFICADAS ANTERIORMENTE
611,97.00-5/00,SERVIÇOS DOMÉSTICOS
612,99.00-8/00,ORGANISMOS INTERNACIONAIS E OUTRAS INSTITUIÇÕES EXTRATERRITORIAIS
